slope,intercept,R2,RMSE
1.3080789568844806,-138.81388889720048,0.9839911983787722,9.887490773749331
